resource_id,title,provider,domain,skill_tags,difficulty,duration_hours,format,cost_type,url
R4195,Sustainability and Climate Change: An Introduction to Low Carbon Road Transport,Future Learn,Information Technology,,Beginner,4.0,Video,Paid,https://www.futurelearn.com/courses/introduction-to-low-emission-road-transport
R4167,Communicating Climate Change for Effective Climate Action,Future Learn,Sustainability,,Intermediate,4.0,Video,Paid,https://www.futurelearn.com/courses/communicating-climate-change-raising-engagement-for-climate-action
R1929,Comparative Health Systems,Coursera,Health,organizational strategy|health system analysis|world health organization analysis|organizational behavior|,Intermediate,10.0,Video,Paid,https://www.coursera.org/learn/comparative-health-systems?specialization=healthcare-law
R1062,Google Drive,Coursera,Information Technology,,Intermediate,2.0,Video,Paid,https://www.coursera.org/learn/google-drive?specialization=getting-started-with-google-workspace
R737,Data Science Methodology,Coursera,Data Science,data science|methodology|crisp-dm|data analysis|data mining|,Intermediate,8.0,Video,Paid,https://www.coursera.org/learn/data-science-methodology
R1384,Digital Media and Marketing Principles,Coursera,Business,digital marketing|marketing channel|social media|mobile marketing|integrated marketing communications|,Intermediate,20.0,Video,Paid,https://www.coursera.org/learn/marketing-channels?specialization=digital-marketing
R743,Introduction to Front-End Development,Coursera,Computer Science,web development tools|user interface|front-end web development|html and css|responsive web design|,Beginner,18.0,Video,Paid,https://www.coursera.org/learn/introduction-to-front-end-development
R504,Introduction to Statistics,Coursera,Data Science,,Beginner,14.0,Video,Paid,https://www.coursera.org/learn/stanford-statistics
R234,Cybersecurity Specialization,Coursera,Computer Science,software testing| cryptography| usability| penetration test| cybersecurity| privacy| user interface| fuzz testing| buffer overflow| sql injection| number theory| public-key cryptography| ,Intermediate,8.0,Video,Paid,https://www.coursera.org/specializations/cyber-security
R5457,Microsoft Dynamics 365 Fundamentals,Future Learn,General,,Intermediate,3.0,Video,Paid,https://www.futurelearn.com/courses/cloudswyft-msft-microsoft-dynamics-365-fund
R6823,Agriculture and Nutrition,Future Learn,Information Technology,,Intermediate,4.0,Video,Paid,https://www.futurelearn.com/courses/agriculture-and-nutrition
R5126,Presenting Your Work with Impact: Presentation Skills Training,Future Learn,Information Technology,,Intermediate,2.0,Video,Paid,https://www.futurelearn.com/courses/presenting-your-work-with-impact-sc
R7196,From Crime to Punishment: an Introduction to Criminal Justice,Future Learn,General,,Beginner,4.0,Video,Paid,https://www.futurelearn.com/courses/crime-to-punishment
R4569,Spatial Circularity Strategies 3: Urban Metabolism and Methods for Systemic Analysis,Future Learn,Information Technology,,Intermediate,2.0,Video,Paid,https://www.futurelearn.com/courses/circular-regions-3-urban-metabolism-and-methods-for-systemic-analysis
R5876,Heart Health: A Beginner's Guide to Cardiovascular Disease,Future Learn,Health,,Beginner,4.0,Video,Paid,https://www.futurelearn.com/courses/heart-health
R2405,Visual Elements of User Interface Design,Coursera,Arts and Humanities,user interface design (ui design)|user experience (ux)|graphic design|,Intermediate,16.0,Video,Paid,https://www.coursera.org/learn/visual-elements-user-interface-design?specialization=ui-ux-design
R5413,Fashion Management: Products and Collections,Future Learn,General,,Intermediate,3.0,Video,Paid,https://www.futurelearn.com/courses/products-collections
R2878,How to Make a Platformer Using libGDX,Udacity,General,,Intermediate,8.0,Video,Paid,https://www.udacity.com/course/how-to-make-a-platformer-using-libgdx--ud406
R2524,Qualitative Research Methods,Coursera,Social Sciences,,Intermediate,23.0,Video,Paid,https://www.coursera.org/learn/qualitative-methods?specialization=social-science
R3051,Expand Your Knowledge of Artificial Intelligence,Udacity,Information Technology, optimization algorithms| minimax search| search algorithms| constraint propagation| constraint satisfaction problems| bayesian networks| likelihood function| first order logic| propositional logic| automated planning problem definition| automated planning heuristics| multi-agent training| time-series analysis with ml,Intermediate,3.0,Video,Paid,https://www.udacity.com/course/ai-artificial-intelligence-nanodegree--nd898
R3261,Intercultural Communication: Dynamics of cultural identities in global interaction,Future Learn,Information Technology,,Intermediate,5.0,Video,Paid,https://www.futurelearn.com/courses/intercultural-communication
R5304,Design and Create Custom Dashboards in Excel,Future Learn,General,,Intermediate,6.0,Video,Paid,https://www.futurelearn.com/courses/excel-advanced-data-visualization-and-dashboard-creation
R2772,Introduction to Cloud Computing,Coursera,Information Technology,cloud native|devops|iaas paas saas|hybrid multicloud|cloud computing|,Beginner,12.0,Video,Paid,https://www.coursera.org/learn/introduction-to-cloud?specialization=devops-cloud-and-agile-foundations
R4149,Organising for the Sustainable Development Goals (SDGs),Future Learn,General,,Intermediate,7.0,Video,Paid,https://www.futurelearn.com/courses/organising-for-sustainable-development-goals
R4129,Working with Translation: Theory and Practice,Future Learn,Information Technology,,Intermediate,4.0,Video,Paid,https://www.futurelearn.com/courses/working-with-translation
R4380,Tracking Complex Conflicts,Future Learn,General,,Intermediate,3.0,Video,Paid,https://www.futurelearn.com/courses/tracking-complex-conflicts
R3863,Dynamics 365: Customer Engagement for Sales,Future Learn,General,,Intermediate,3.0,Video,Paid,https://www.futurelearn.com/courses/customer-engagement-for-sales-sc
R5547,Introduction to Humanitarian Logistics,Future Learn,Information Technology,,Beginner,2.0,Video,Paid,https://www.futurelearn.com/courses/humanitarian-logistics
R1173,Cloud Data Engineering,Coursera,Information Technology,,Intermediate,17.0,Video,Paid,https://www.coursera.org/learn/cloud-data-engineering-duke?specialization=building-cloud-computing-solutions-at-scale
R5850,Cancer Survivorship for Primary Care Practitioners,Future Learn,Information Technology,,Intermediate,4.0,Video,Paid,https://www.futurelearn.com/courses/cancer-survivorship
R6913,The Resistant Mosquito: Staying Ahead of the Game in the Fight against Malaria,Future Learn,Information Technology,,Intermediate,3.0,Video,Paid,https://www.futurelearn.com/courses/the-resistant-mosquito-staying-ahead-of-the-game-in-the-fight-against-malaria
R7237,"Why Religion Matters: Religious Literacy, Culture and Diversity",Future Learn,Information Technology,,Intermediate,4.0,Video,Paid,https://www.futurelearn.com/courses/why-religion-matters
R8049,CISA Certification Training Course,Simplilearn,General,,Intermediate,,Video,Paid,https://www.simplilearn.com/cyber-security/cisa-certification-training?tag=
R2603,Camera Control,Coursera,Arts and Humanities,,Intermediate,13.0,Video,Paid,https://www.coursera.org/learn/camera-control?specialization=photography-basics
R5157,Introduction to Marketing: Understanding your Customers,Future Learn,General,,Beginner,2.0,Video,Paid,https://www.futurelearn.com/courses/understanding-your-customers-sc
R4280,Fashion Values: Society,Future Learn,General,,Intermediate,4.0,Video,Paid,https://www.futurelearn.com/courses/fashion-values-society
R3662,UX Design Fundamentals: Creating Business Outcomes,Future Learn,General,,Intermediate,4.0,Video,Paid,https://www.futurelearn.com/courses/ux-design-fundamentals-management-business-model
R5109,Evidence and Data Collection for Problem Solving,Future Learn,Data Science,,Intermediate,2.0,Video,Paid,https://www.futurelearn.com/courses/evidence-and-data-collection-for-problem-solving-sc
R3784,Introduction to Microsoft Azure AI Fundamentals,Future Learn,General,,Beginner,5.0,Video,Paid,https://www.futurelearn.com/courses/ms-azure-ai-fundamentals
R4454,Sport and Exercise for Brain Health,Future Learn,Health,,Intermediate,2.0,Video,Paid,https://www.futurelearn.com/courses/sport-and-exercise-for-brain-health
R6348,R for Regression and Machine Learning in Investment,Future Learn,Data Science,,Intermediate,2.0,Video,Paid,https://www.futurelearn.com/courses/using-r-for-regression-and-machine-learning-in-investment
R7429,An Introduction to Machine Learning in Quantitative Finance,Future Learn,Data Science,,Beginner,4.0,Video,Paid,https://www.futurelearn.com/courses/an-introduction-to-machine-learning-in-quantitative-finance
R7763,Mastering Classroom Management in English Language Teaching,Future Learn,General,,Intermediate,4.0,Video,Paid,https://www.futurelearn.com/courses/mastering-classroom-management-in-english-language-teaching
R3687,Transgender Healthcare: Caring for Trans Patients,Future Learn,Health,,Intermediate,4.0,Video,Paid,https://www.futurelearn.com/courses/transgender-in-healthcare
R4487,How To Support Young People Living with Parental Mental Illness,Future Learn,Information Technology,,Intermediate,4.0,Video,Paid,https://www.futurelearn.com/courses/how-to-support-young-people-living-with-parental-mental-illness
R4476,Sports Performance: Training the Body for Sport ,Future Learn,General,,Intermediate,4.0,Video,Paid,https://www.futurelearn.com/courses/sports-performance-training-the-body-for-sport
R6465,ISO 27001: ISO Implementation Practitioner,Future Learn,Information Technology,,Intermediate,3.0,Video,Paid,https://www.futurelearn.com/courses/implementing-iso27001
R6866,Climate Literacy and Action for All,Future Learn,Information Technology,,Intermediate,3.0,Video,Paid,https://www.futurelearn.com/courses/climate-literacy-and-action-for-all
R7502,English for STEM: Understanding Maths Vocabulary,Future Learn,General,,Intermediate,3.0,Video,Paid,https://www.futurelearn.com/courses/english-for-stem-understanding-maths-vocabulary
R2132,Social Entrepreneurship,Coursera,Business,,Intermediate,6.0,Video,Paid,https://www.coursera.org/learn/wharton-social-entrepreneurship?specialization=wharton-global-business-strategy
R3814,Introduction to Artificial Intelligence and Machine Learning,Future Learn,Data Science,,Beginner,3.0,Video,Paid,https://www.futurelearn.com/courses/introduction-to-ai
R6930,Come Rain or Shine: Understanding the Weather,Future Learn,General,,Intermediate,3.0,Video,Paid,https://www.futurelearn.com/courses/come-rain-or-shine
R7178,Championing Change: Human Rights and the Climate Crisis,Future Learn,Sustainability,,Intermediate,3.0,Video,Paid,https://www.futurelearn.com/courses/climate-change-human-rights
R2150,Excel Skills for Business: Intermediate I,Coursera,Business,concatenation|microsoft excel|consolization|pivot table|pivot chart|,Intermediate,27.0,Video,Paid,https://www.coursera.org/learn/excel-intermediate-1?specialization=excel
R4005,Software Development with Python and Java: Understanding Python,Future Learn,Information Technology,,Intermediate,4.0,Video,Paid,https://www.futurelearn.com/courses/software-development-python-java-understanding-python
R458,Preparing for Google Cloud Certification: Cloud Developer Professional Certificate,Coursera,Information Technology,debugging|google cloud platform|cloud storage|application development|cloud computing|,Intermediate,2.0,Video,Paid,https://www.coursera.org/professional-certificates/google-cloud-developer
R541,Kotlin for Java Developers,Coursera,Computer Science,,Intermediate,25.0,Video,Paid,https://www.coursera.org/learn/kotlin-for-java-developers
R3173,Microsoft Future Ready: Ethics and Laws in Data and Analytics,Future Learn,Data Science,,Intermediate,3.0,Video,Paid,https://www.futurelearn.com/courses/ethics-and-law-in-data-and-analytics-et
R4130,Introduction to Comparative Indo-European Linguistics,Future Learn,General,,Beginner,8.0,Video,Paid,https://www.futurelearn.com/courses/introduction-to-comparative-indo-european-linguistics
R5392,Coaching Skills: Team culture,Future Learn,General,,Intermediate,2.0,Video,Paid,https://www.futurelearn.com/courses/coaching4
R4343,Understanding Enemies,Future Learn,General,,Intermediate,3.0,Video,Paid,https://www.futurelearn.com/courses/understanding-enemies
R3856,Containerised Applications on AWS,Future Learn,General,,Intermediate,4.0,Video,Paid,https://www.futurelearn.com/courses/building-containerized-applications-on-aws
R2230,Acing the Product Management Interview,Coursera,Computer Science,estimation interview|data analysis interview|strategy interview|behavioral interview|product design interview|,Intermediate,14.0,Video,Paid,https://www.coursera.org/learn/acing-product-management-interviews?specialization=real-world-product-management
R4307,Sport for Sustainable Development: Designing Effective Policies and Programmes,Future Learn,General,,Intermediate,4.0,Video,Paid,https://www.futurelearn.com/courses/sport-for-sustainable-development
R6115,Medical Equipment Donations to Low Resource Settings,Future Learn,Health,,Intermediate,2.0,Video,Paid,https://www.futurelearn.com/courses/sustainable-solutions-in-low-resource-healthcare-settings
R1516,Digital Signal Processing 1: Basic Concepts and Algorithms,Coursera,Physical Science and Engineering,,Beginner,28.0,Video,Paid,https://www.coursera.org/learn/dsp1?specialization=digital-signal-processing
R5853,PDSAFE: Physiotherapy and Falls Prevention in Parkinson's,Future Learn,General,,Intermediate,6.0,Video,Paid,https://www.futurelearn.com/courses/pdsafe-falls-prevention-in-parkinsons-the-therapists-approach-
R1043,Supply Chain Optimization,Coursera,Business,,Intermediate,8.0,Video,Paid,https://www.coursera.org/learn/supply-chain-optimization?specialization=leverage-data-science-agile-supply-chain
R3127,AI and Machine Learning Algorithms Using Python,Future Learn,Data Science,,Intermediate,5.0,Video,Paid,https://www.futurelearn.com/courses/cloudswyft-msft-principles-of-machine-learning-pythoned-ai
R6500,Dynamics 365: Testing and Deploying Power Platform Applications,Future Learn,General,,Intermediate,2.0,Video,Paid,https://www.futurelearn.com/courses/cloudswyft-msft-dynamics-365-testing-and-deploying-power-platform-app
R6614,Intermediate German: People and Lifestyles,Future Learn,General,,Intermediate,4.0,Video,Paid,https://www.futurelearn.com/courses/intermediate-german-deutsch-im-kontext-leute-und-leben
R1741,Human-Centered Design for Inclusive Innovation,Coursera,Business,creativity|prototyping|design thinking|innovation|inclusive innovation|,Intermediate,13.0,Video,Paid,https://www.coursera.org/learn/gender-analytics-human-centered-design?specialization=gender-analytics
R859,Supply Chain Logistics,Coursera,Business,warehouse management|logistics planning|supply chain|inventory|,Intermediate,8.0,Video,Paid,https://www.coursera.org/learn/supply-chain-logistics
R4603,Spatial Circularity Strategies 2: Measuring Circularity Transitions,Future Learn,Information Technology,,Intermediate,2.0,Video,Paid,https://www.futurelearn.com/courses/circular-regions-2-measuring-circularity-transitions
R2918,High Performance Computing,Udacity,General,,Intermediate,4.0,Video,Paid,https://www.udacity.com/course/high-performance-computing--ud281
R264,Executive Data Science Specialization,Coursera,Data Science,data science| data management| data analysis| communication| leadership| machine learning| project| team building| management| team management| interpretation| exploratory data analysis| ,Intermediate,2.0,Video,Paid,https://www.coursera.org/specializations/executive-data-science
R4317,An Introduction to Systems Thinking for Sustainability: SiD Theory I,Future Learn,Information Technology,,Beginner,4.0,Video,Paid,https://www.futurelearn.com/courses/systems-thinking-for-sustainability
R4190,Championing Change: Human Rights and the Climate Crisis,Future Learn,Sustainability,,Intermediate,3.0,Video,Paid,https://www.futurelearn.com/courses/climate-change-human-rights
R2926,Deploying Applications with Heroku,Udacity,Information Technology,,Intermediate,1.0,Video,Paid,https://www.udacity.com/course/deploying-applications-with-heroku--ud272
R5287,Product Management Essentials,Future Learn,General,,Intermediate,4.0,Video,Paid,https://www.futurelearn.com/courses/product-management-essentials
R6728,Business Law and the Fashion Industry,Future Learn,General,,Intermediate,2.0,Video,Paid,https://www.futurelearn.com/courses/business-law-fashion-industry
R795,Understanding Clinical Research: Behind the Statistics,Coursera,Health,clinical research|statistics|statistical analysis|statistical hypothesis testing|,Intermediate,27.0,Video,Paid,https://www.coursera.org/learn/clinical-research
R2541,"Uncommon Sense Teaching: Part 2, Building Community and Habits of Learning",Coursera,Social Sciences,lesson plan|strategies in teaching|social emotional|neurodiversity|,Intermediate,13.0,Video,Paid,https://www.coursera.org/learn/building-community-habits-of-learning?specialization=uncommon-sense-teaching-certificate
R5752,Designing a Future Where Learning is a Lifestyle,Future Learn,General,,Intermediate,2.0,Video,Paid,https://www.futurelearn.com/courses/designing-future-where-learning-is-lifestyle
R2593,Linux Fundamentals,Coursera,Computer Science,,Intermediate,17.0,Video,Paid,https://www.coursera.org/learn/linux-fundamentals?specialization=linux-for-lfca-certification
R2642,"Visionary leadership, identity & motivation: Become a meaning maker",Coursera,Business,motivation|communication|leadership|brand management|,Intermediate,29.0,Video,Paid,https://www.coursera.org/learn/visionary-leadership-meaning-maker?specialization=hr-management-leadership
R3207,Business Agility Foundations: Engaging Others,Future Learn,Information Technology,,Intermediate,3.0,Video,Paid,https://www.futurelearn.com/courses/business-agility-foundations-engaging-others
R4126,An Intermediate Guide to Writing in English for University Study,Future Learn,Information Technology,,Intermediate,5.0,Video,Paid,https://www.futurelearn.com/courses/english-for-study-intermediate
R5333,Demystifying Business Models for New Entrepreneurs,Future Learn,General,,Intermediate,2.0,Video,Paid,https://www.futurelearn.com/courses/demystify-business-models
R1692,Wearable Technologies and Sports Analytics,Coursera,Data Science,,Intermediate,28.0,Video,Paid,https://www.coursera.org/learn/wearable-technologies?specialization=sports-analytics
R2253,TOEFL Reading and Listening Sections Skills Mastery,Coursera,Language Learning,,Intermediate,8.0,Video,Paid,https://www.coursera.org/learn/toefl-reading-listening-sections-skills-mastery?specialization=toefl-preparation
R4723,Good Practice in Autism Education,Future Learn,General,,Intermediate,4.0,Video,Paid,https://www.futurelearn.com/courses/autism-education
R1863,Positive Psychology: Resilience Skills,Coursera,Health,gratitude|plan|positive psychology|communication|mindfulness|,Intermediate,15.0,Video,Paid,https://www.coursera.org/learn/positive-psychology-resilience?specialization=positivepsychology
R319,Accounting Data Analytics Specialization,Coursera,Data Science,machine learning| python programming| data visualization (dataviz)| data preparation| exploratory data analysis| data analysis| predictive analytics| data architecture| coding| linear regression| sql| text analysis| ,Intermediate,7.0,Video,Paid,https://www.coursera.org/specializations/accounting-data-analytics
R5710,Fashion and Gaming: How Luxury Fashion Brands Use Gamification,Future Learn,General,,Intermediate,4.0,Video,Paid,https://www.futurelearn.com/courses/fashion-and-gaming-how-luxury-fashion-brands-use-gamification
R2969,Secure and Private AI,Udacity,General,,Intermediate,2.0,Video,Paid,https://www.udacity.com/course/secure-and-private-ai--ud185
R4175,Overpopulation: Resource Depletion and Human Innovation,Future Learn,General,,Intermediate,4.0,Video,Paid,https://www.futurelearn.com/courses/overpopulation-resource-depletion-and-human-innovation
R4517,Understanding Biological Energy,Future Learn,General,,Intermediate,4.0,Video,Paid,https://www.futurelearn.com/courses/biological-energy
R6310,Introduction to Microsoft Azure Fundamentals,Future Learn,General,,Beginner,5.0,Video,Paid,https://www.futurelearn.com/courses/ms-azure-fundamentals
R3609,Fashion and the Climate Crisis: An Introduction to Sustainability,Future Learn,Information Technology,,Beginner,2.0,Video,Paid,https://www.futurelearn.com/courses/fashion-and-the-climate-crisis-an-introduction-to-sustainability
R7855,Becoming a Better Music Teacher,Future Learn,General,,Intermediate,5.0,Video,Paid,https://www.futurelearn.com/courses/becoming-a-better-music-teacher
R2956,How to Build a Startup,Udacity,General,,Intermediate,1.0,Video,Paid,https://www.udacity.com/course/how-to-build-a-startup--ep245
R5242,Cognitive Psychology: Employee and Customer Behaviour,Future Learn,Information Technology,,Intermediate,3.0,Video,Paid,https://www.futurelearn.com/courses/cognitive-psychology-employee-and-customer-behaviour
R4710,Teacher Training: Choosing the Right PGCE for You,Future Learn,General,,Intermediate,2.0,Video,Paid,https://www.futurelearn.com/courses/teacher-training-pgce
R3102,Business Ethics: Exploring Big Data and Tax Avoidance,Future Learn,Data Science,,Intermediate,2.0,Video,Paid,https://www.futurelearn.com/courses/business-ethics
R6941,"City Liveability: The Intersections of Place, Mobility, and Health",Future Learn,Health,,Intermediate,2.0,Video,Paid,https://www.futurelearn.com/courses/liveable-cities-place-health-and-mobility
R1534,Feature Engineering,Coursera,Data Science,,Intermediate,13.0,Video,Paid,https://www.coursera.org/learn/feature-engineering?specialization=machine-learning-tensorflow-gcp
R6530,AI and Machine Learning Algorithms Using Python,Future Learn,Data Science,,Intermediate,5.0,Video,Paid,https://www.futurelearn.com/courses/cloudswyft-msft-principles-of-machine-learning-pythoned-ai
R1323,Applied Data Science Capstone,Coursera,Data Science,methodology|github|jupyter notebook|data science methodology|k-means clustering|,Intermediate,17.0,Video,Paid,https://www.coursera.org/learn/applied-data-science-capstone?specialization=applied-data-science
R3621,Digital Playground: Where Luxury Fashion is Finding its Sense of Humour,Future Learn,Information Technology,,Intermediate,4.0,Video,Paid,https://www.futurelearn.com/courses/digital-playground-where-luxury-fashion-is-finding-its-sense-of-humor
R4418,Self Care and Wellbeing: A Practical Guide for Health and Social Care,Future Learn,Health,,Intermediate,3.0,Video,Paid,https://www.futurelearn.com/courses/self-care-and-wellbeing-a-practical-guide-for-health-and-social-care
R4904,International Humanitarian Law for Business,Future Learn,Information Technology,,Intermediate,4.0,Video,Paid,https://www.futurelearn.com/courses/international-humanitarian-law-for-business
R3883,Innovation in EdTech: Hacking the Challenges of Digital Education,Future Learn,Information Technology,,Intermediate,4.0,Video,Paid,https://www.futurelearn.com/courses/digieduhack
R102,Java Programming and Software Engineering Fundamentals Specialization,Coursera,Computer Science,html| javascript| cascading style sheets (css)| java programming| html5| algorithms| problem solving| string (computer science)| data structure| cryptography| hash table| programming principles| ,Intermediate,5.0,Video,Paid,https://www.coursera.org/specializations/java-programming
R6250,History of Slavery in the British Caribbean,Future Learn,Information Technology,,Intermediate,4.0,Video,Paid,https://www.futurelearn.com/courses/slavery-in-the-british-caribbean
R4997,"Equality, Diversity, and Inclusion: Understanding Bias and Allyship in EDI",Future Learn,Information Technology,,Intermediate,4.0,Video,Paid,https://www.futurelearn.com/courses/key-ideas-in-edi-understanding-bias-and-allyship
R4036,Cryptography and Digital Certificates,Future Learn,Information Technology,,Intermediate,2.0,Video,Paid,https://www.futurelearn.com/courses/cryptography-and-digital-certificates-et
R3986,Microsoft Future Ready: Data Science Research Methods Using Python Programming,Future Learn,Data Science,,Intermediate,3.0,Video,Paid,https://www.futurelearn.com/courses/datasciemethodsonpl-ethics
R2269,AI Applications in Marketing and Finance,Coursera,Business,,Intermediate,6.0,Video,Paid,https://www.coursera.org/learn/wharton-ai-applications-marketing-finance?specialization=ai-for-business-wharton
R350,The Teacher and Social and Emotional Learning (SEL) Specialization,Coursera,Social Sciences,sel in curriculum| emotional engagement| social emotional learning| evaluation| teaching and learning| ,Intermediate,6.0,Video,Paid,https://www.coursera.org/specializations/teacher-sel
